RUN,RELAY,TIME,SENSOR VALUE,STATUS
,Off,01/20/2026 11:32:53,-0.1662,OPEN
,Off,01/20/2026 11:32:54,-0.1555,OPEN
,Off,01/20/2026 11:32:55,-0.1564,OPEN
,Off,01/20/2026 11:32:56,-0.1672,OPEN
,Off,01/20/2026 11:32:57,-0.1652,OPEN
,Off,01/20/2026 11:32:58,-0.175,OPEN
,Off,01/20/2026 11:32:59,-0.1809,OPEN
,Off,01/20/2026 11:33:00,-0.1838,OPEN
,Off,01/20/2026 11:33:01,-0.1809,OPEN
,Off,01/20/2026 11:33:02,-0.178,OPEN
,Off,01/20/2026 11:33:03,-0.1701,OPEN
,Off,01/20/2026 11:33:04,-0.1692,OPEN
,Off,01/20/2026 11:33:05,-0.1604,OPEN
,Off,01/20/2026 11:33:06,-0.1574,OPEN
,Off,01/20/2026 11:33:07,-0.1584,OPEN
,Off,01/20/2026 11:33:08,-0.1584,OPEN
,Off,01/20/2026 11:33:09,-0.1692,OPEN
,Off,01/20/2026 11:33:10,-0.175,OPEN
,Off,01/20/2026 11:33:11,-0.1828,OPEN
,Off,01/20/2026 11:33:12,-0.1809,OPEN
,Off,01/20/2026 11:33:13,-0.1828,OPEN
,Off,01/20/2026 11:33:14,-0.178,OPEN
,Off,01/20/2026 11:33:15,-0.1692,OPEN
,Off,01/20/2026 11:33:16,-0.1613,OPEN
,Off,01/20/2026 11:33:17,-0.1584,OPEN
,Off,01/20/2026 11:33:18,-0.1574,OPEN
,Off,01/20/2026 11:33:19,-0.1613,OPEN
,Off,01/20/2026 11:33:20,-0.1692,OPEN
,Off,01/20/2026 11:33:21,-0.1789,OPEN
,Off,01/20/2026 11:33:22,-0.1838,OPEN
,Off,01/20/2026 11:33:23,-0.1809,OPEN
,Off,01/20/2026 11:33:24,-0.1819,OPEN
,Off,01/20/2026 11:33:25,-0.1662,OPEN
,Off,01/20/2026 11:33:26,-0.1613,OPEN
,Off,01/20/2026 11:33:27,-0.1564,OPEN
,Off,01/20/2026 11:33:28,-0.1594,OPEN
,Off,01/20/2026 11:33:29,-0.1662,OPEN
,Off,01/20/2026 11:33:30,-0.1789,OPEN
,Off,01/20/2026 11:33:31,-0.1828,OPEN
,Off,01/20/2026 11:33:32,-0.1809,OPEN
,Off,01/20/2026 11:33:33,-0.1828,OPEN
,Off,01/20/2026 11:33:34,-0.174,OPEN
,Off,01/20/2026 11:33:35,-0.1692,OPEN
,Off,01/20/2026 11:33:36,-0.1584,OPEN
,Off,01/20/2026 11:33:37,-0.1564,OPEN
,Off,01/20/2026 11:33:38,-0.1584,OPEN
,Off,01/20/2026 11:33:39,-0.1682,OPEN
,Off,01/20/2026 11:33:40,-0.178,OPEN
,Off,01/20/2026 11:33:41,-0.1809,OPEN
,Off,01/20/2026 11:33:42,-0.1819,OPEN
,Off,01/20/2026 11:33:43,-0.176,OPEN
,Off,01/20/2026 11:33:44,-0.178,OPEN
,Off,01/20/2026 11:33:45,-0.1672,OPEN
,Off,01/20/2026 11:33:46,-0.1594,OPEN
,Off,01/20/2026 11:33:47,-0.1594,OPEN
,Off,01/20/2026 11:33:48,-0.1555,OPEN
,Off,01/20/2026 11:33:49,-0.1633,OPEN
,Off,01/20/2026 11:33:50,-0.1701,OPEN
,Off,01/20/2026 11:33:51,-0.1809,OPEN
,Off,01/20/2026 11:33:52,-0.1809,OPEN
,Off,01/20/2026 11:33:53,-0.1828,OPEN
,Off,01/20/2026 11:33:54,-0.175,OPEN
,Off,01/20/2026 11:33:55,-0.1711,OPEN
,Off,01/20/2026 11:33:56,-0.1672,OPEN
,Off,01/20/2026 11:33:57,-0.1564,OPEN
,Off,01/20/2026 11:33:58,-0.1545,OPEN
,Off,01/20/2026 11:33:59,-0.1564,OPEN
,Off,01/20/2026 11:34:00,-0.1662,OPEN
,Off,01/20/2026 11:34:01,-0.1682,OPEN
,Off,01/20/2026 11:34:02,-0.1828,OPEN
,Off,01/20/2026 11:34:03,-0.1809,OPEN
,Off,01/20/2026 11:34:04,-0.1819,OPEN
,Off,01/20/2026 11:34:05,-0.174,OPEN
,Off,01/20/2026 11:34:06,-0.1652,OPEN
,Off,01/20/2026 11:34:07,-0.1613,OPEN
,Off,01/20/2026 11:34:08,-0.1555,OPEN
,Off,01/20/2026 11:34:09,-0.1643,OPEN
,Off,01/20/2026 11:34:10,-0.1662,OPEN
,Off,01/20/2026 11:34:11,-0.176,OPEN
,Off,01/20/2026 11:34:12,-0.1809,OPEN
,Off,01/20/2026 11:34:13,-0.1848,OPEN
,Off,01/20/2026 11:34:14,-0.1809,OPEN
,Off,01/20/2026 11:34:15,-0.1809,OPEN
,Off,01/20/2026 11:34:16,-0.1682,OPEN
,Off,01/20/2026 11:34:17,-0.1672,OPEN
,Off,01/20/2026 11:34:18,-0.1604,OPEN
,Off,01/20/2026 11:34:19,-0.1555,OPEN
,Off,01/20/2026 11:34:20,-0.1574,OPEN
,Off,01/20/2026 11:34:21,-0.1613,OPEN
,Off,01/20/2026 11:34:22,-0.1731,OPEN
,Off,01/20/2026 11:34:23,-0.174,OPEN
,Off,01/20/2026 11:34:24,-0.1828,OPEN
,Off,01/20/2026 11:34:25,-0.1809,OPEN
,Off,01/20/2026 11:34:26,-0.1848,OPEN
,Off,01/20/2026 11:34:27,-0.177,OPEN
,Off,01/20/2026 11:34:28,-0.1711,OPEN
,Off,01/20/2026 11:34:29,-0.1613,OPEN
,Off,01/20/2026 11:34:30,-0.1594,OPEN
,Off,01/20/2026 11:34:31,-0.1545,OPEN
,Off,01/20/2026 11:34:32,-0.1555,OPEN
,Off,01/20/2026 11:34:33,-0.1574,OPEN
,Off,01/20/2026 11:34:34,-0.1662,OPEN
,Off,01/20/2026 11:34:35,-0.1721,OPEN
,Off,01/20/2026 11:34:36,-0.175,OPEN
,Off,01/20/2026 11:34:37,-0.1819,OPEN
,Off,01/20/2026 11:34:38,-0.1809,OPEN
,Off,01/20/2026 11:34:39,-0.1848,OPEN
,Off,01/20/2026 11:34:40,-0.175,OPEN
,Off,01/20/2026 11:34:41,-0.1721,OPEN
,Off,01/20/2026 11:34:42,-0.1672,OPEN
,Off,01/20/2026 11:34:43,-0.1564,OPEN
,Off,01/20/2026 11:34:44,-0.1555,OPEN
,Off,01/20/2026 11:34:45,-0.1574,OPEN
,Off,01/20/2026 11:34:46,-0.1643,OPEN
,Off,01/20/2026 11:34:47,-0.1682,OPEN
,Off,01/20/2026 11:34:48,-0.178,OPEN
,Off,01/20/2026 11:34:49,-0.178,OPEN
,Off,01/20/2026 11:34:50,-0.1838,OPEN
,Off,01/20/2026 11:34:51,-0.1809,OPEN
,Off,01/20/2026 11:34:52,-0.1828,OPEN
,Off,01/20/2026 11:34:53,-0.1711,OPEN
,Off,01/20/2026 11:34:54,-0.1672,OPEN
,Off,01/20/2026 11:34:55,-0.1623,OPEN
,Off,01/20/2026 11:34:56,-0.1574,OPEN
,Off,01/20/2026 11:34:57,-0.1555,OPEN
,Off,01/20/2026 11:34:58,-0.1545,OPEN
,Off,01/20/2026 11:34:59,-0.1633,OPEN
,Off,01/20/2026 11:35:00,-0.1662,OPEN
,Off,01/20/2026 11:35:01,-0.1789,OPEN
,Off,01/20/2026 11:35:02,-0.1789,OPEN
,Off,01/20/2026 11:35:03,-0.1848,OPEN
,Off,01/20/2026 11:35:04,-0.1789,OPEN
,Off,01/20/2026 11:35:05,-0.1799,OPEN
,Off,01/20/2026 11:35:06,-0.1662,OPEN
,Off,01/20/2026 11:35:07,-0.1594,OPEN
,Off,01/20/2026 11:35:08,-0.1564,OPEN
,Off,01/20/2026 11:35:09,-0.1555,OPEN
,Off,01/20/2026 11:35:10,-0.1633,OPEN
,Off,01/20/2026 11:35:11,-0.1633,OPEN
,Off,01/20/2026 11:35:12,-0.1731,OPEN
,Off,01/20/2026 11:35:13,-0.177,OPEN
,Off,01/20/2026 11:35:14,-0.1809,OPEN
,Off,01/20/2026 11:35:15,-0.1809,OPEN
,Off,01/20/2026 11:35:16,-0.1828,OPEN
,Off,01/20/2026 11:35:17,-0.176,OPEN
,Off,01/20/2026 11:35:18,-0.176,OPEN
,Off,01/20/2026 11:35:19,-0.1633,OPEN
,Off,01/20/2026 11:35:20,-0.1604,OPEN
,Off,01/20/2026 11:35:21,-0.1594,OPEN
,Off,01/20/2026 11:35:22,-0.1555,OPEN
,Off,01/20/2026 11:35:23,-0.1652,OPEN
,Off,01/20/2026 11:35:24,-0.1701,OPEN
,Off,01/20/2026 11:35:25,-0.174,OPEN
,Off,01/20/2026 11:35:26,-0.1799,OPEN
,Off,01/20/2026 11:35:27,-0.1848,OPEN
,Off,01/20/2026 11:35:28,-0.1809,OPEN
,Off,01/20/2026 11:35:29,-0.178,OPEN
,Off,01/20/2026 11:35:30,-0.1652,OPEN
,Off,01/20/2026 11:35:31,-0.1613,OPEN
,Off,01/20/2026 11:35:32,-0.1613,OPEN
,Off,01/20/2026 11:35:33,-0.1564,OPEN
,Off,01/20/2026 11:35:34,-0.1672,OPEN
,Off,01/20/2026 11:35:35,-0.1789,OPEN
,Off,01/20/2026 11:35:36,-0.1809,OPEN
,Off,01/20/2026 11:35:37,-0.1809,OPEN
,Off,01/20/2026 11:35:38,-0.1819,OPEN
,Off,01/20/2026 11:35:39,-0.176,OPEN
,Off,01/20/2026 11:35:40,-0.1652,OPEN
,Off,01/20/2026 11:35:41,-0.1594,OPEN
,Off,01/20/2026 11:35:42,-0.1574,OPEN
,Off,01/20/2026 11:35:43,-0.1613,OPEN
,Off,01/20/2026 11:35:44,-0.1692,OPEN
,Off,01/20/2026 11:35:45,-0.175,OPEN
,Off,01/20/2026 11:35:46,-0.1799,OPEN
,Off,01/20/2026 11:35:47,-0.1848,OPEN
,Off,01/20/2026 11:35:48,-0.1799,OPEN
,Off,01/20/2026 11:35:49,-0.177,OPEN
,Off,01/20/2026 11:35:50,-0.1643,OPEN
,Off,01/20/2026 11:35:51,-0.1564,OPEN
,Off,01/20/2026 11:35:52,-0.1594,OPEN
,Off,01/20/2026 11:35:53,-0.1564,OPEN
,Off,01/20/2026 11:35:54,-0.1672,OPEN
,Off,01/20/2026 11:35:55,-0.1711,OPEN
,Off,01/20/2026 11:35:56,-0.1809,OPEN
,Off,01/20/2026 11:35:57,-0.1809,OPEN
,Off,01/20/2026 11:35:58,-0.1809,OPEN
,Off,01/20/2026 11:35:59,-0.175,OPEN
,Off,01/20/2026 11:36:00,-0.1643,OPEN
,Off,01/20/2026 11:36:01,-0.1604,OPEN
,Off,01/20/2026 11:36:02,-0.1574,OPEN
,Off,01/20/2026 11:36:03,-0.1594,OPEN
,Off,01/20/2026 11:36:04,-0.1672,OPEN
,Off,01/20/2026 11:36:05,-0.178,OPEN
,Off,01/20/2026 11:36:06,-0.1799,OPEN
,Off,01/20/2026 11:36:07,-0.1828,OPEN
,Off,01/20/2026 11:36:08,-0.176,OPEN
,Off,01/20/2026 11:36:09,-0.1721,OPEN
,Off,01/20/2026 11:36:10,-0.1613,OPEN
,Off,01/20/2026 11:36:11,-0.1555,OPEN
,Off,01/20/2026 11:36:12,-0.1574,OPEN
,Off,01/20/2026 11:36:13,-0.1604,OPEN
,Off,01/20/2026 11:36:14,-0.175,OPEN
,Off,01/20/2026 11:36:15,-0.177,OPEN
,Off,01/20/2026 11:36:16,-0.1848,OPEN
,Off,01/20/2026 11:36:17,-0.1809,OPEN
,Off,01/20/2026 11:36:18,-0.1809,OPEN
,Off,01/20/2026 11:36:19,-0.1672,OPEN
,Off,01/20/2026 11:36:20,-0.1623,OPEN
,Off,01/20/2026 11:36:21,-0.1545,OPEN
,Off,01/20/2026 11:36:22,-0.1555,OPEN
,Off,01/20/2026 11:36:23,-0.1623,OPEN
,Off,01/20/2026 11:36:24,-0.1711,OPEN
,Off,01/20/2026 11:36:25,-0.1828,OPEN
,Off,01/20/2026 11:36:26,-0.1789,OPEN
,Off,01/20/2026 11:36:27,-0.174,OPEN
RUN,RELAY,TIME,SENSOR VALUE,STATUS
,Off,01/20/2026 11:39:50,-0.0714,OPEN
,Off,01/20/2026 11:39:51,-0.0704,OPEN
,Off,01/20/2026 11:39:52,-0.0519,OPEN
,Off,01/20/2026 11:39:53,-0.0704,OPEN
,Off,01/20/2026 11:39:54,-0.0704,OPEN
,Off,01/20/2026 11:39:55,-0.0577,OPEN
,Off,01/20/2026 11:39:56,-0.0587,OPEN
,Off,01/20/2026 11:39:57,-0.0743,OPEN
,Off,01/20/2026 11:39:58,-0.0597,OPEN
,Off,01/20/2026 11:39:59,-0.0587,OPEN
,Off,01/20/2026 11:40:00,-0.0743,OPEN
,Off,01/20/2026 11:40:01,-0.0587,OPEN
,Off,01/20/2026 11:40:02,-0.0558,OPEN
,Off,01/20/2026 11:40:03,-0.0734,OPEN
,Off,01/20/2026 11:40:04,-0.0665,OPEN
,Off,01/20/2026 11:40:05,-0.0528,OPEN
,Off,01/20/2026 11:40:06,-0.0743,OPEN
,Off,01/20/2026 11:40:07,-0.0675,OPEN
,Off,01/20/2026 11:40:08,-0.0528,OPEN
,Off,01/20/2026 11:40:09,-0.0743,OPEN
,Off,01/20/2026 11:40:10,-0.0616,OPEN
,Off,01/20/2026 11:40:11,-0.0528,OPEN
,Off,01/20/2026 11:40:12,-0.0734,OPEN
,Off,01/20/2026 11:40:13,-0.0675,OPEN
,Off,01/20/2026 11:40:14,-0.0548,OPEN
,Off,01/20/2026 11:40:15,-0.0587,OPEN
,Off,01/20/2026 11:40:16,-0.0724,OPEN
,Off,01/20/2026 11:40:17,-0.0675,OPEN
,Off,01/20/2026 11:40:18,-0.0528,OPEN
,Off,01/20/2026 11:40:19,-0.0704,OPEN
,Off,01/20/2026 11:40:20,-0.0724,OPEN
,Off,01/20/2026 11:40:21,-0.0538,OPEN
,Off,01/20/2026 11:40:22,-0.0577,OPEN
,Off,01/20/2026 11:40:23,-0.0724,OPEN
,Off,01/20/2026 11:40:24,-0.0685,OPEN
,Off,01/20/2026 11:40:25,-0.0587,OPEN
,Off,01/20/2026 11:40:26,-0.0743,OPEN
,Off,01/20/2026 11:40:27,-0.0665,OPEN
,Off,01/20/2026 11:40:28,-0.0528,OPEN
,Off,01/20/2026 11:40:29,-0.0675,OPEN
,Off,01/20/2026 11:40:30,-0.0704,OPEN
,Off,01/20/2026 11:40:31,-0.0606,OPEN
,Off,01/20/2026 11:40:32,-0.0528,OPEN
,Off,01/20/2026 11:40:33,-0.0714,OPEN
,Off,01/20/2026 11:40:34,-0.0714,OPEN
,Off,01/20/2026 11:40:35,-0.0509,OPEN
,Off,01/20/2026 11:40:36,-0.0675,OPEN
,Off,01/20/2026 11:40:37,-0.0734,OPEN
,Off,01/20/2026 11:40:38,-0.0548,OPEN
,Off,01/20/2026 11:40:39,-0.0606,OPEN
,Off,01/20/2026 11:40:40,-0.0734,OPEN
,Off,01/20/2026 11:40:41,-0.0655,OPEN
,Off,01/20/2026 11:40:42,-0.0528,OPEN
,Off,01/20/2026 11:40:43,-0.0714,OPEN
,Off,01/20/2026 11:40:44,-0.0675,OPEN
,Off,01/20/2026 11:40:45,-0.0528,OPEN
,Off,01/20/2026 11:40:46,-0.0743,OPEN
,Off,01/20/2026 11:40:47,-0.0646,OPEN
,Off,01/20/2026 11:40:48,-0.0538,OPEN
,Off,01/20/2026 11:40:49,-0.0734,OPEN
,Off,01/20/2026 11:40:50,-0.0626,OPEN
,Off,01/20/2026 11:40:51,-0.0567,OPEN
,Off,01/20/2026 11:40:52,-0.0743,OPEN
,Off,01/20/2026 11:40:53,-0.0665,OPEN
,Off,01/20/2026 11:40:54,-0.0558,OPEN
,Off,01/20/2026 11:40:55,-0.0734,OPEN
,Off,01/20/2026 11:40:56,-0.0558,OPEN
,Off,01/20/2026 11:40:57,-0.0606,OPEN
,Off,01/20/2026 11:40:58,-0.0734,OPEN
,Off,01/20/2026 11:40:59,-0.0606,OPEN
,Off,01/20/2026 11:41:00,-0.0587,OPEN
,Off,01/20/2026 11:41:01,-0.0734,OPEN
,Off,01/20/2026 11:41:02,-0.0636,OPEN
,Off,01/20/2026 11:41:03,-0.0528,OPEN
,Off,01/20/2026 11:41:04,-0.0714,OPEN
,Off,01/20/2026 11:41:05,-0.0694,OPEN
,Off,01/20/2026 11:41:06,-0.0548,OPEN
,Off,01/20/2026 11:41:07,-0.0675,OPEN
,Off,01/20/2026 11:41:08,-0.0714,OPEN
,Off,01/20/2026 11:41:09,-0.0528,OPEN
,Off,01/20/2026 11:41:10,-0.0724,OPEN
,Off,01/20/2026 11:41:11,-0.0685,OPEN
,Off,01/20/2026 11:41:12,-0.0558,OPEN
,Off,01/20/2026 11:41:13,-0.0704,OPEN
,Off,01/20/2026 11:41:14,-0.0694,OPEN
,Off,01/20/2026 11:41:15,-0.0606,OPEN
,Off,01/20/2026 11:41:16,-0.0734,OPEN
,Off,01/20/2026 11:41:17,-0.0519,OPEN
,Off,01/20/2026 11:41:18,-0.0724,OPEN
,Off,01/20/2026 11:41:19,-0.0665,OPEN
,Off,01/20/2026 11:41:20,-0.0606,OPEN
,Off,01/20/2026 11:41:21,-0.0734,OPEN
,Off,01/20/2026 11:41:22,-0.0538,OPEN
,Off,01/20/2026 11:41:23,-0.0694,OPEN
,Off,01/20/2026 11:41:24,-0.0704,OPEN
,Off,01/20/2026 11:41:25,-0.0538,OPEN
,Off,01/20/2026 11:41:26,-0.0694,OPEN
,Off,01/20/2026 11:41:27,-0.0685,OPEN
,Off,01/20/2026 11:41:28,-0.0538,OPEN
,Off,01/20/2026 11:41:29,-0.0714,OPEN
,Off,01/20/2026 11:41:30,-0.0685,OPEN
,Off,01/20/2026 11:41:31,-0.0528,OPEN
,Off,01/20/2026 11:41:32,-0.0734,OPEN
,Off,01/20/2026 11:41:33,-0.0675,OPEN
,Off,01/20/2026 11:41:34,-0.0519,OPEN
,Off,01/20/2026 11:41:35,-0.0734,OPEN
,Off,01/20/2026 11:41:36,-0.0675,OPEN
,Off,01/20/2026 11:41:37,-0.0528,OPEN
,Off,01/20/2026 11:41:38,-0.0734,OPEN
,Off,01/20/2026 11:41:39,-0.0049,OPEN
,Off,01/20/2026 11:41:40,0.0009,CLOSED
,Off,01/20/2026 11:41:41,0.0019,CLOSED
,Off,01/20/2026 11:41:42,0.0019,CLOSED
,Off,01/20/2026 11:41:43,0.0019,CLOSED
,Off,01/20/2026 11:41:44,0.0019,CLOSED
,Off,01/20/2026 11:41:45,0.0019,CLOSED
,Off,01/20/2026 11:41:46,0.0019,CLOSED
,Off,01/20/2026 11:41:47,0.0019,CLOSED
,Off,01/20/2026 11:41:48,0.0009,CLOSED
,Off,01/20/2026 11:41:49,0.0019,CLOSED
,Off,01/20/2026 11:41:50,0.0019,CLOSED
,Off,01/20/2026 11:41:51,0.0019,CLOSED
,Off,01/20/2026 11:41:52,0.0019,CLOSED
,Off,01/20/2026 11:41:53,0.0009,CLOSED
,Off,01/20/2026 11:41:54,0.0019,CLOSED
,Off,01/20/2026 11:41:55,0.0019,CLOSED
,Off,01/20/2026 11:41:56,0.0009,CLOSED
,Off,01/20/2026 11:41:57,0.0019,CLOSED
,Off,01/20/2026 11:41:58,0.0019,CLOSED
,Off,01/20/2026 11:41:59,0.0019,CLOSED
,Off,01/20/2026 11:42:00,0.0009,CLOSED
,Off,01/20/2026 11:42:01,0.0019,CLOSED
,Off,01/20/2026 11:42:02,0.0019,CLOSED
,Off,01/20/2026 11:42:03,0.0019,CLOSED
,Off,01/20/2026 11:42:04,0.0009,CLOSED
,Off,01/20/2026 11:42:05,0.0019,CLOSED
,Off,01/20/2026 11:42:06,0.0009,CLOSED
,Off,01/20/2026 11:42:07,0.0019,CLOSED
,Off,01/20/2026 11:42:08,0.0009,CLOSED
,Off,01/20/2026 11:42:09,0.0019,CLOSED
,Off,01/20/2026 11:42:10,0.0019,CLOSED
,Off,01/20/2026 11:42:11,0.0019,CLOSED
,Off,01/20/2026 11:42:12,0.0009,CLOSED
,Off,01/20/2026 11:42:13,0.0019,CLOSED
,Off,01/20/2026 11:42:14,0.0019,CLOSED
,Off,01/20/2026 11:42:15,0.0009,CLOSED
,Off,01/20/2026 11:42:16,0.0019,CLOSED
,Off,01/20/2026 11:42:17,0.0019,CLOSED
,Off,01/20/2026 11:42:18,0.0019,CLOSED
,Off,01/20/2026 11:42:19,0.0019,CLOSED
,Off,01/20/2026 11:42:20,0.0009,CLOSED
,Off,01/20/2026 11:42:21,0.0019,CLOSED
,Off,01/20/2026 11:42:22,0.0019,CLOSED
,Off,01/20/2026 11:42:23,0.0019,CLOSED
,Off,01/20/2026 11:42:24,0.0019,CLOSED
,Off,01/20/2026 11:42:25,0.0009,CLOSED
,Off,01/20/2026 11:42:26,0.0009,CLOSED
,Off,01/20/2026 11:42:27,0.0019,CLOSED
,Off,01/20/2026 11:42:28,0.0009,CLOSED
,Off,01/20/2026 11:42:29,0.0009,CLOSED
,Off,01/20/2026 11:42:30,-0.0499,OPEN
,Off,01/20/2026 11:42:31,-0.0724,OPEN
,Off,01/20/2026 11:42:32,-0.0577,OPEN
,Off,01/20/2026 11:42:33,-0.0665,OPEN
,Off,01/20/2026 11:42:34,-0.0724,OPEN
,Off,01/20/2026 11:42:35,-0.0597,OPEN
,Off,01/20/2026 11:42:36,-0.0743,OPEN
,Off,01/20/2026 11:42:37,-0.0528,OPEN
,Off,01/20/2026 11:42:38,-0.0694,OPEN
,Off,01/20/2026 11:42:39,-0.0567,OPEN
,Off,01/20/2026 11:42:40,-0.0714,OPEN
,Off,01/20/2026 11:42:41,-0.0587,OPEN
,Off,01/20/2026 11:42:42,-0.0665,OPEN
,Off,01/20/2026 11:42:43,-0.0655,OPEN
,Off,01/20/2026 11:42:44,-0.0675,OPEN
,Off,01/20/2026 11:42:45,-0.0694,OPEN
,Off,01/20/2026 11:42:46,-0.0597,OPEN
,Off,01/20/2026 11:42:47,-0.0724,OPEN
,Off,01/20/2026 11:42:48,-0.0597,OPEN
,Off,01/20/2026 11:42:49,-0.0743,OPEN
,Off,01/20/2026 11:42:50,-0.0528,OPEN
,Off,01/20/2026 11:42:51,-0.0734,OPEN
,Off,01/20/2026 11:42:52,-0.0538,OPEN
,Off,01/20/2026 11:42:53,-0.0743,OPEN
,Off,01/20/2026 11:42:54,-0.0528,OPEN
,Off,01/20/2026 11:42:55,-0.0714,OPEN
,Off,01/20/2026 11:42:56,-0.0528,OPEN
,Off,01/20/2026 11:42:57,-0.0724,OPEN
,Off,01/20/2026 11:42:58,-0.0558,OPEN
,Off,01/20/2026 11:42:59,-0.0655,OPEN
,Off,01/20/2026 11:43:00,-0.0636,OPEN
,Off,01/20/2026 11:43:01,-0.0665,OPEN
,Off,01/20/2026 11:43:02,-0.0704,OPEN
,Off,01/20/2026 11:43:03,-0.0606,OPEN
,Off,01/20/2026 11:43:04,-0.0704,OPEN
,Off,01/20/2026 11:43:05,-0.0626,OPEN
,Off,01/20/2026 11:43:06,-0.0734,OPEN
,Off,01/20/2026 11:43:07,-0.0538,OPEN
,Off,01/20/2026 11:43:08,-0.0734,OPEN
,Off,01/20/2026 11:43:09,-0.0577,OPEN
,Off,01/20/2026 11:43:10,-0.0743,OPEN
,Off,01/20/2026 11:43:11,-0.0538,OPEN
,Off,01/20/2026 11:43:12,-0.0724,OPEN
,Off,01/20/2026 11:43:13,-0.0558,OPEN
,Off,01/20/2026 11:43:14,-0.0714,OPEN
,Off,01/20/2026 11:43:15,-0.0616,OPEN
,Off,01/20/2026 11:43:16,-0.0665,OPEN
,Off,01/20/2026 11:43:17,-0.0646,OPEN
,Off,01/20/2026 11:43:18,-0.0685,OPEN
,Off,01/20/2026 11:43:19,-0.0675,OPEN
,Off,01/20/2026 11:43:20,-0.0558,OPEN
,Off,01/20/2026 11:43:21,-0.0734,OPEN
,Off,01/20/2026 11:43:22,-0.0538,OPEN
,Off,01/20/2026 11:43:23,-0.0743,OPEN
,Off,01/20/2026 11:43:24,-0.0587,OPEN
,Off,01/20/2026 11:43:25,-0.0655,OPEN
,Off,01/20/2026 11:43:26,-0.0685,OPEN
,Off,01/20/2026 11:43:27,-0.0685,OPEN
,Off,01/20/2026 11:43:28,-0.0675,OPEN
,Off,01/20/2026 11:43:29,-0.0636,OPEN
,Off,01/20/2026 11:43:30,-0.0714,OPEN
,Off,01/20/2026 11:43:31,-0.0626,OPEN
,Off,01/20/2026 11:43:32,-0.0734,OPEN
,Off,01/20/2026 11:43:33,-0.0587,OPEN
,Off,01/20/2026 11:43:34,-0.0743,OPEN
,Off,01/20/2026 11:43:35,-0.0538,OPEN
,Off,01/20/2026 11:43:36,-0.0734,OPEN
,Off,01/20/2026 11:43:37,-0.0538,OPEN
,Off,01/20/2026 11:43:38,-0.0734,OPEN
,Off,01/20/2026 11:43:39,-0.0528,OPEN
,Off,01/20/2026 11:43:40,-0.0734,OPEN
,Off,01/20/2026 11:43:41,-0.0538,OPEN
,Off,01/20/2026 11:43:42,-0.0724,OPEN
,Off,01/20/2026 11:43:43,-0.0528,OPEN
,Off,01/20/2026 11:43:44,-0.0724,OPEN
,Off,01/20/2026 11:43:45,-0.0528,OPEN
,Off,01/20/2026 11:43:46,-0.0724,OPEN
,Off,01/20/2026 11:43:47,-0.0528,OPEN
,Off,01/20/2026 11:43:48,-0.0743,OPEN
,Off,01/20/2026 11:43:49,-0.0548,OPEN
,Off,01/20/2026 11:43:50,-0.0694,OPEN
,Off,01/20/2026 11:43:51,-0.0548,OPEN
,Off,01/20/2026 11:43:52,-0.0724,OPEN
,Off,01/20/2026 11:43:53,-0.0519,OPEN
,Off,01/20/2026 11:43:54,-0.0704,OPEN
,Off,01/20/2026 11:43:55,-0.0587,OPEN
,Off,01/20/2026 11:43:56,-0.0724,OPEN
,Off,01/20/2026 11:43:57,-0.0626,OPEN
,Off,01/20/2026 11:43:58,-0.0665,OPEN
,Off,01/20/2026 11:43:59,-0.0577,OPEN
,Off,01/20/2026 11:44:00,-0.0724,OPEN
,Off,01/20/2026 11:44:01,-0.0616,OPEN
,Off,01/20/2026 11:44:02,-0.0694,OPEN
,Off,01/20/2026 11:44:03,-0.0577,OPEN
,Off,01/20/2026 11:44:04,-0.0714,OPEN
,Off,01/20/2026 11:44:05,-0.0616,OPEN
,Off,01/20/2026 11:44:06,-0.0704,OPEN
,Off,01/20/2026 11:44:07,-0.0606,OPEN
,Off,01/20/2026 11:44:08,-0.0714,OPEN
,Off,01/20/2026 11:44:09,-0.0548,OPEN
,Off,01/20/2026 11:44:10,-0.0704,OPEN
,Off,01/20/2026 11:44:11,-0.0548,OPEN
,Off,01/20/2026 11:44:12,-0.0734,OPEN
,Off,01/20/2026 11:44:13,-0.0528,OPEN
,Off,01/20/2026 11:44:14,-0.0724,OPEN
,Off,01/20/2026 11:44:15,-0.0558,OPEN
,Off,01/20/2026 11:44:16,-0.0734,OPEN
,Off,01/20/2026 11:44:17,-0.0577,OPEN
,Off,01/20/2026 11:44:18,-0.0714,OPEN
,Off,01/20/2026 11:44:19,-0.0616,OPEN
,Off,01/20/2026 11:44:20,-0.0743,OPEN
,Off,01/20/2026 11:44:21,-0.0577,OPEN
,Off,01/20/2026 11:44:22,-0.0694,OPEN
,Off,01/20/2026 11:44:23,-0.0675,OPEN
,Off,01/20/2026 11:44:24,-0.0587,OPEN
,Off,01/20/2026 11:44:25,-0.0685,OPEN
,Off,01/20/2026 11:44:26,-0.0636,OPEN
,Off,01/20/2026 11:44:27,-0.0704,OPEN
,Off,01/20/2026 11:44:28,-0.0665,OPEN
,Off,01/20/2026 11:44:29,-0.0685,OPEN
,Off,01/20/2026 11:44:30,-0.0606,OPEN
,Off,01/20/2026 11:44:31,-0.0724,OPEN
,Off,01/20/2026 11:44:32,-0.0558,OPEN
,Off,01/20/2026 11:44:33,-0.0704,OPEN
,Off,01/20/2026 11:44:34,-0.0528,OPEN
,Off,01/20/2026 11:44:35,-0.0734,OPEN
,Off,01/20/2026 11:44:36,-0.0509,OPEN
,Off,01/20/2026 11:44:37,-0.0724,OPEN
,Off,01/20/2026 11:44:38,-0.0538,OPEN
,Off,01/20/2026 11:44:39,-0.0753,OPEN
,Off,01/20/2026 11:44:40,-0.0538,OPEN
,Off,01/20/2026 11:44:41,-0.0734,OPEN
,Off,01/20/2026 11:44:42,-0.0626,OPEN
,Off,01/20/2026 11:44:43,-0.0685,OPEN
,Off,01/20/2026 11:44:44,-0.0646,OPEN
,Off,01/20/2026 11:44:45,-0.0616,OPEN
,Off,01/20/2026 11:44:46,-0.0714,OPEN
,Off,01/20/2026 11:44:47,-0.0626,OPEN
,Off,01/20/2026 11:44:48,-0.0704,OPEN
,Off,01/20/2026 11:44:49,-0.0528,OPEN
,Off,01/20/2026 11:44:50,-0.0743,OPEN
,Off,01/20/2026 11:44:51,-0.0636,OPEN
,Off,01/20/2026 11:44:52,-0.0665,OPEN
,Off,01/20/2026 11:44:53,-0.0704,OPEN
,Off,01/20/2026 11:44:54,-0.0675,OPEN
,Off,01/20/2026 11:44:55,-0.0665,OPEN
,Off,01/20/2026 11:44:56,-0.0675,OPEN
,Off,01/20/2026 11:44:57,-0.0763,OPEN
,Off,01/20/2026 11:44:58,-0.0372,OPEN
,Off,01/20/2026 11:44:59,-0.0274,OPEN
,Off,01/20/2026 11:45:00,-0.0176,OPEN
,Off,01/20/2026 11:45:01,-0.0264,OPEN
,Off,01/20/2026 11:45:02,-0.0382,OPEN
RUN,RELAY,TIME,SENSOR VALUE,STATUS
,Off,01/20/2026 11:46:20,-0.2493,OPEN
,Off,01/20/2026 11:46:21,-0.2415,OPEN
,Off,01/20/2026 11:46:22,-0.2464,OPEN
,Off,01/20/2026 11:46:23,-0.2503,OPEN
,Off,01/20/2026 11:46:24,-0.2298,OPEN
,Off,01/20/2026 11:46:25,-0.2522,OPEN
,Off,01/20/2026 11:46:26,-0.2532,OPEN
,Off,01/20/2026 11:46:27,-0.2581,OPEN
,Off,01/20/2026 11:46:28,-0.2474,OPEN
,Off,01/20/2026 11:46:29,-0.2346,OPEN
,Off,01/20/2026 11:46:30,-0.2415,OPEN
,Off,01/20/2026 11:46:31,-0.2395,OPEN
,Off,01/20/2026 11:46:32,-0.2474,OPEN
,Off,01/20/2026 11:46:33,-0.2562,OPEN
,Off,01/20/2026 11:46:34,-0.2659,OPEN
,Off,01/20/2026 11:46:35,-0.2659,OPEN
,Off,01/20/2026 11:46:36,-0.265,OPEN
,Off,01/20/2026 11:46:37,-0.2503,OPEN
,Off,01/20/2026 11:46:38,-0.2464,OPEN
,Off,01/20/2026 11:46:39,-0.2786,OPEN
,Off,01/20/2026 11:46:40,-0.2806,OPEN
,Off,01/20/2026 11:46:41,-0.262,OPEN
,Off,01/20/2026 11:46:42,-0.2532,OPEN
,Off,01/20/2026 11:46:43,-0.261,OPEN
,Off,01/20/2026 11:46:44,-0.2757,OPEN
,Off,01/20/2026 11:46:45,-0.2728,OPEN
,Off,01/20/2026 11:46:46,-0.2591,OPEN
,Off,01/20/2026 11:46:47,-0.2522,OPEN
,Off,01/20/2026 11:46:48,-0.2698,OPEN
,Off,01/20/2026 11:46:49,-0.2767,OPEN
,Off,01/20/2026 11:46:50,-0.2659,OPEN
,Off,01/20/2026 11:46:51,-0.2513,OPEN
,Off,01/20/2026 11:46:52,-0.2698,OPEN
,Off,01/20/2026 11:46:53,-0.2796,OPEN
,Off,01/20/2026 11:46:54,-0.2601,OPEN
,Off,01/20/2026 11:46:55,-0.2513,OPEN
,Off,01/20/2026 11:46:56,-0.2737,OPEN
,Off,01/20/2026 11:46:57,-0.2532,OPEN
,Off,01/20/2026 11:46:58,-0.2454,OPEN
,Off,01/20/2026 11:46:59,-0.2669,OPEN
,Off,01/20/2026 11:47:00,-0.262,OPEN
,Off,01/20/2026 11:47:01,-0.2415,OPEN
,Off,01/20/2026 11:47:02,-0.2571,OPEN
,Off,01/20/2026 11:47:03,-0.2698,OPEN
,Off,01/20/2026 11:47:04,-0.2532,OPEN
,Off,01/20/2026 11:47:05,-0.2786,OPEN
,Off,01/20/2026 11:47:06,-0.2601,OPEN
,Off,01/20/2026 11:47:07,-0.2542,OPEN
,Off,01/20/2026 11:47:08,-0.2777,OPEN
,Off,01/20/2026 11:47:09,-0.2728,OPEN
,Off,01/20/2026 11:47:10,-0.2503,OPEN
,Off,01/20/2026 11:47:11,-0.2679,OPEN
,Off,01/20/2026 11:47:12,-0.2737,OPEN
,Off,01/20/2026 11:47:13,-0.2532,OPEN
,Off,01/20/2026 11:47:14,-0.264,OPEN
,Off,01/20/2026 11:47:15,-0.2767,OPEN
,Off,01/20/2026 11:47:16,-0.2562,OPEN
,Off,01/20/2026 11:47:17,-0.265,OPEN
,Off,01/20/2026 11:47:18,-0.2767,OPEN
,Off,01/20/2026 11:47:19,-0.2562,OPEN
,Off,01/20/2026 11:47:20,-0.264,OPEN
,Off,01/20/2026 11:47:21,-0.2728,OPEN
,Off,01/20/2026 11:47:22,-0.2493,OPEN
,Off,01/20/2026 11:47:23,-0.2747,OPEN
,Off,01/20/2026 11:47:24,-0.2679,OPEN
,Off,01/20/2026 11:47:25,-0.2493,OPEN
,Off,01/20/2026 11:47:26,-0.2767,OPEN
,Off,01/20/2026 11:47:27,-0.2689,OPEN
,Off,01/20/2026 11:47:28,-0.0206,OPEN
,Off,01/20/2026 11:47:29,0.0009,CLOSED
,Off,01/20/2026 11:47:30,0.0009,CLOSED
,Off,01/20/2026 11:47:31,0.0009,CLOSED
,Off,01/20/2026 11:47:32,-0.1027,OPEN
,Off,01/20/2026 11:47:33,-0.1007,OPEN
,Off,01/20/2026 11:47:34,-0.0958,OPEN
,Off,01/20/2026 11:47:35,-0.1115,OPEN
,Off,01/20/2026 11:47:36,-0.1173,OPEN
,Off,01/20/2026 11:47:37,-0.1173,OPEN
,Off,01/20/2026 11:47:38,-0.0088,OPEN
,Off,01/20/2026 11:47:39,0.0009,CLOSED
,Off,01/20/2026 11:47:40,0.0009,CLOSED
,Off,01/20/2026 11:47:41,0.0019,CLOSED
,Off,01/20/2026 11:47:42,0.0009,CLOSED
,Off,01/20/2026 11:47:43,0.0019,CLOSED
,Off,01/20/2026 11:47:44,-0.1076,OPEN
,Off,01/20/2026 11:47:45,-0.1203,OPEN
,Off,01/20/2026 11:47:46,-0.1564,OPEN
,Off,01/20/2026 11:47:47,-0.2024,OPEN
,Off,01/20/2026 11:47:48,-0.2405,OPEN
,Off,01/20/2026 11:47:49,-0.2317,OPEN
,Off,01/20/2026 11:47:50,-0.2483,OPEN
,Off,01/20/2026 11:47:51,-0.2366,OPEN
,Off,01/20/2026 11:47:52,-0.2474,OPEN
,Off,01/20/2026 11:47:53,-0.2425,OPEN
,Off,01/20/2026 11:47:54,-0.2454,OPEN
,Off,01/20/2026 11:47:55,-0.2395,OPEN
,Off,01/20/2026 11:47:56,-0.2601,OPEN
,Off,01/20/2026 11:47:57,-0.2366,OPEN
,Off,01/20/2026 11:47:58,-0.261,OPEN
,Off,01/20/2026 11:47:59,-0.2327,OPEN
,Off,01/20/2026 11:48:00,-0.2591,OPEN
,Off,01/20/2026 11:48:01,-0.2337,OPEN
,Off,01/20/2026 11:48:02,-0.263,OPEN
,Off,01/20/2026 11:48:03,-0.261,OPEN
,Off,01/20/2026 11:48:04,-0.2581,OPEN
,Off,01/20/2026 11:48:05,-0.2552,OPEN
,Off,01/20/2026 11:48:06,-0.2474,OPEN
,Off,01/20/2026 11:48:07,-0.2444,OPEN
,Off,01/20/2026 11:48:08,-0.2532,OPEN
,Off,01/20/2026 11:48:09,-0.2601,OPEN
,Off,01/20/2026 11:48:10,-0.2777,OPEN
,Off,01/20/2026 11:48:11,-0.2835,OPEN
,Off,01/20/2026 11:48:12,-0.2552,OPEN
,Off,01/20/2026 11:48:13,-0.2796,OPEN
,Off,01/20/2026 11:48:14,-0.263,OPEN
,Off,01/20/2026 11:48:15,-0.2777,OPEN
,Off,01/20/2026 11:48:16,-0.2689,OPEN
,Off,01/20/2026 11:48:17,-0.2659,OPEN
,Off,01/20/2026 11:48:18,-0.2777,OPEN
,Off,01/20/2026 11:48:19,-0.2591,OPEN
,Off,01/20/2026 11:48:20,-0.2825,OPEN
,Off,01/20/2026 11:48:21,-0.262,OPEN
,Off,01/20/2026 11:48:22,-0.263,OPEN
,Off,01/20/2026 11:48:23,-0.2806,OPEN
,Off,01/20/2026 11:48:24,-0.2542,OPEN
,Off,01/20/2026 11:48:25,-0.2689,OPEN
,Off,01/20/2026 11:48:26,-0.2816,OPEN
,Off,01/20/2026 11:48:27,-0.265,OPEN
,Off,01/20/2026 11:48:28,0.0,IDLE
,Off,01/20/2026 11:48:29,0.0019,CLOSED
,Off,01/20/2026 11:48:30,0.0009,CLOSED
,Off,01/20/2026 11:48:31,0.0019,CLOSED
,Off,01/20/2026 11:48:32,-0.0372,OPEN
,Off,01/20/2026 11:48:33,-0.2425,OPEN
,Off,01/20/2026 11:48:34,-0.2777,OPEN
,Off,01/20/2026 11:48:35,-0.2659,OPEN
,Off,01/20/2026 11:48:36,-0.2708,OPEN
,Off,01/20/2026 11:48:37,-0.2777,OPEN
,Off,01/20/2026 11:48:38,-0.264,OPEN
,Off,01/20/2026 11:48:39,-0.2806,OPEN
,Off,01/20/2026 11:48:40,-0.2532,OPEN
,Off,01/20/2026 11:48:41,-0.2835,OPEN
,Off,01/20/2026 11:48:42,-0.2562,OPEN
,Off,01/20/2026 11:48:43,-0.2718,OPEN
,Off,01/20/2026 11:48:44,-0.2796,OPEN
,Off,01/20/2026 11:48:45,-0.2601,OPEN
,Off,01/20/2026 11:48:46,-0.2806,OPEN
,Off,01/20/2026 11:48:47,-0.2581,OPEN
,Off,01/20/2026 11:48:48,-0.2777,OPEN
,Off,01/20/2026 11:48:49,-0.2767,OPEN
,Off,01/20/2026 11:48:50,-0.2581,OPEN
,Off,01/20/2026 11:48:51,-0.2845,OPEN
,Off,01/20/2026 11:48:52,-0.2581,OPEN
,Off,01/20/2026 11:48:53,-0.2718,OPEN
,Off,01/20/2026 11:48:54,-0.2718,OPEN
,Off,01/20/2026 11:48:55,-0.2141,OPEN
,Off,01/20/2026 11:48:56,-0.1623,OPEN
,Off,01/20/2026 11:48:57,-0.1985,OPEN
,Off,01/20/2026 11:48:58,-0.1877,OPEN
,Off,01/20/2026 11:48:59,-0.1584,OPEN
,Off,01/20/2026 11:49:00,-0.1252,OPEN
,Off,01/20/2026 11:49:01,-0.0851,OPEN
,Off,01/20/2026 11:49:02,-0.0802,OPEN
,Off,01/20/2026 11:49:03,-0.1252,OPEN
,Off,01/20/2026 11:49:04,-0.1584,OPEN
,Off,01/20/2026 11:49:05,-0.1828,OPEN
,Off,01/20/2026 11:49:06,-0.1809,OPEN
,Off,01/20/2026 11:49:07,-0.178,OPEN
,Off,01/20/2026 11:49:08,-0.1682,OPEN
,Off,01/20/2026 11:49:09,-0.1672,OPEN
,Off,01/20/2026 11:49:10,-0.1604,OPEN
,Off,01/20/2026 11:49:11,-0.1555,OPEN
,Off,01/20/2026 11:49:12,-0.1535,OPEN
,Off,01/20/2026 11:49:13,-0.1594,OPEN
,Off,01/20/2026 11:49:14,-0.1721,OPEN
,Off,01/20/2026 11:49:15,-0.175,OPEN
,Off,01/20/2026 11:49:16,-0.1838,OPEN
,Off,01/20/2026 11:49:17,-0.1809,OPEN
,Off,01/20/2026 11:49:18,-0.1819,OPEN
,Off,01/20/2026 11:49:19,-0.1721,OPEN
,Off,01/20/2026 11:49:20,-0.1721,OPEN
,Off,01/20/2026 11:49:21,-0.1613,OPEN
,Off,01/20/2026 11:49:22,-0.1574,OPEN
,Off,01/20/2026 11:49:23,-0.1545,OPEN
,Off,01/20/2026 11:49:24,-0.1545,OPEN
,Off,01/20/2026 11:49:25,-0.1652,OPEN
,Off,01/20/2026 11:49:26,-0.1682,OPEN
,Off,01/20/2026 11:49:27,-0.178,OPEN
,Off,01/20/2026 11:49:28,-0.1799,OPEN
,Off,01/20/2026 11:49:29,-0.1858,OPEN
,Off,01/20/2026 11:49:30,-0.178,OPEN
,Off,01/20/2026 11:49:31,-0.174,OPEN
,Off,01/20/2026 11:49:32,-0.1652,OPEN
,Off,01/20/2026 11:49:33,-0.1584,OPEN
,Off,01/20/2026 11:49:34,-0.1545,OPEN
,Off,01/20/2026 11:49:35,-0.1545,OPEN
,Off,01/20/2026 11:49:36,-0.1623,OPEN
,Off,01/20/2026 11:49:37,-0.1682,OPEN
,Off,01/20/2026 11:49:38,-0.174,OPEN
,Off,01/20/2026 11:49:39,-0.1799,OPEN
,Off,01/20/2026 11:49:40,-0.1838,OPEN
,Off,01/20/2026 11:49:41,-0.1809,OPEN
,Off,01/20/2026 11:49:42,-0.1809,OPEN
,Off,01/20/2026 11:49:43,-0.1711,OPEN
,Off,01/20/2026 11:49:44,-0.1692,OPEN
,Off,01/20/2026 11:49:45,-0.1604,OPEN
,Off,01/20/2026 11:49:46,-0.1564,OPEN
,Off,01/20/2026 11:49:47,-0.1545,OPEN
,Off,01/20/2026 11:49:48,-0.1594,OPEN
,Off,01/20/2026 11:49:49,-0.1672,OPEN
,Off,01/20/2026 11:49:50,-0.1721,OPEN
,Off,01/20/2026 11:49:51,-0.1799,OPEN
,Off,01/20/2026 11:49:52,-0.1799,OPEN
,Off,01/20/2026 11:49:53,-0.1838,OPEN
,Off,01/20/2026 11:49:54,-0.1809,OPEN
,Off,01/20/2026 11:49:55,-0.1799,OPEN
,Off,01/20/2026 11:49:56,-0.174,OPEN
,Off,01/20/2026 11:49:57,-0.1662,OPEN
,Off,01/20/2026 11:49:58,-0.1604,OPEN
,Off,01/20/2026 11:49:59,-0.1564,OPEN
,Off,01/20/2026 11:50:00,-0.1564,OPEN
,Off,01/20/2026 11:50:01,-0.1594,OPEN
,Off,01/20/2026 11:50:02,-0.1711,OPEN
,Off,01/20/2026 11:50:03,-0.176,OPEN
,Off,01/20/2026 11:50:04,-0.1838,OPEN
,Off,01/20/2026 11:50:05,-0.1789,OPEN
,Off,01/20/2026 11:50:06,-0.1731,OPEN
,Off,01/20/2026 11:50:07,-0.1643,OPEN
,Off,01/20/2026 11:50:08,-0.1574,OPEN
,Off,01/20/2026 11:50:09,-0.1545,OPEN
,Off,01/20/2026 11:50:10,-0.1564,OPEN
,Off,01/20/2026 11:50:11,-0.1701,OPEN
,Off,01/20/2026 11:50:12,-0.1731,OPEN
,Off,01/20/2026 11:50:13,-0.1809,OPEN
,Off,01/20/2026 11:50:14,-0.1809,OPEN
,Off,01/20/2026 11:50:15,-0.1828,OPEN
,Off,01/20/2026 11:50:16,-0.176,OPEN
,Off,01/20/2026 11:50:17,-0.1682,OPEN
,Off,01/20/2026 11:50:18,-0.1623,OPEN
,Off,01/20/2026 11:50:19,-0.1604,OPEN
,Off,01/20/2026 11:50:20,-0.1545,OPEN
,Off,01/20/2026 11:50:21,-0.1545,OPEN
,Off,01/20/2026 11:50:22,-0.1633,OPEN
,Off,01/20/2026 11:50:23,-0.174,OPEN
,Off,01/20/2026 11:50:24,-0.1789,OPEN
,Off,01/20/2026 11:50:25,-0.1809,OPEN
,Off,01/20/2026 11:50:26,-0.134,OPEN
,Off,01/20/2026 11:50:27,-0.0929,OPEN
,Off,01/20/2026 11:50:28,-0.0675,OPEN
,Off,01/20/2026 11:50:29,-0.087,OPEN
,Off,01/20/2026 11:50:30,-0.0822,OPEN
,Off,01/20/2026 11:50:31,-0.0714,OPEN
,Off,01/20/2026 11:50:32,-0.089,OPEN
,Off,01/20/2026 11:50:33,-0.1291,OPEN
,Off,01/20/2026 11:50:34,-0.1574,OPEN
,Off,01/20/2026 11:50:35,-0.175,OPEN
,Off,01/20/2026 11:50:36,-0.1975,OPEN
,Off,01/20/2026 11:50:37,-0.2034,OPEN
,Off,01/20/2026 11:50:38,-0.2825,OPEN
,Off,01/20/2026 11:50:39,-0.2601,OPEN
,Off,01/20/2026 11:50:40,-0.2816,OPEN
,Off,01/20/2026 11:50:41,-0.2601,OPEN
,Off,01/20/2026 11:50:42,-0.2904,OPEN
,Off,01/20/2026 11:50:43,-0.2845,OPEN
,Off,01/20/2026 11:50:44,-0.2542,OPEN
,Off,01/20/2026 11:50:45,-0.2845,OPEN
,Off,01/20/2026 11:50:46,-0.2552,OPEN
,Off,01/20/2026 11:50:47,-0.2777,OPEN
,Off,01/20/2026 11:50:48,-0.2659,OPEN
,Off,01/20/2026 11:50:49,-0.2777,OPEN
,Off,01/20/2026 11:50:50,-0.2767,OPEN
,Off,01/20/2026 11:50:51,-0.263,OPEN
,Off,01/20/2026 11:50:52,-0.2835,OPEN
,Off,01/20/2026 11:50:53,-0.2591,OPEN
,Off,01/20/2026 11:50:54,-0.2669,OPEN
,Off,01/20/2026 11:50:55,-0.2816,OPEN
,Off,01/20/2026 11:50:56,-0.2532,OPEN
,Off,01/20/2026 11:50:57,-0.2786,OPEN
,Off,01/20/2026 11:50:58,-0.2718,OPEN
,Off,01/20/2026 11:50:59,-0.2552,OPEN
,Off,01/20/2026 11:51:00,-0.2806,OPEN
,Off,01/20/2026 11:51:01,-0.2689,OPEN
,Off,01/20/2026 11:51:02,-0.2581,OPEN
,Off,01/20/2026 11:51:03,-0.2777,OPEN
,Off,01/20/2026 11:51:04,-0.2689,OPEN
,Off,01/20/2026 11:51:05,-0.264,OPEN
,Off,01/20/2026 11:51:06,-0.2825,OPEN
,Off,01/20/2026 11:51:07,-0.2591,OPEN
,Off,01/20/2026 11:51:08,-0.263,OPEN
,Off,01/20/2026 11:51:09,-0.2816,OPEN
,Off,01/20/2026 11:51:10,-0.2571,OPEN
,Off,01/20/2026 11:51:11,-0.2728,OPEN
,Off,01/20/2026 11:51:12,-0.2777,OPEN
,Off,01/20/2026 11:51:13,-0.2552,OPEN
,Off,01/20/2026 11:51:14,-0.2689,OPEN
,Off,01/20/2026 11:51:15,-0.2825,OPEN
,Off,01/20/2026 11:51:16,-0.261,OPEN
,Off,01/20/2026 11:51:17,-0.265,OPEN
,Off,01/20/2026 11:51:18,-0.2796,OPEN
,Off,01/20/2026 11:51:19,-0.2562,OPEN
,Off,01/20/2026 11:51:20,-0.2747,OPEN
,Off,01/20/2026 11:51:21,-0.2777,OPEN
,Off,01/20/2026 11:51:22,-0.2552,OPEN
,Off,01/20/2026 11:51:23,-0.2728,OPEN
,Off,01/20/2026 11:51:24,-0.2816,OPEN
,Off,01/20/2026 11:51:25,-0.2601,OPEN
,Off,01/20/2026 11:51:26,-0.263,OPEN
,Off,01/20/2026 11:51:27,-0.2825,OPEN
,Off,01/20/2026 11:51:28,-0.264,OPEN
,Off,01/20/2026 11:51:29,-0.264,OPEN
,Off,01/20/2026 11:51:30,-0.2816,OPEN
,Off,01/20/2026 11:51:31,-0.2669,OPEN
,Off,01/20/2026 11:51:32,-0.262,OPEN
,Off,01/20/2026 11:51:33,-0.2806,OPEN
,Off,01/20/2026 11:51:34,-0.264,OPEN
,Off,01/20/2026 11:51:35,-0.2659,OPEN
,Off,01/20/2026 11:51:36,-0.2816,OPEN
,Off,01/20/2026 11:51:37,-0.2532,OPEN
,Off,01/20/2026 11:51:38,-0.2747,OPEN
,Off,01/20/2026 11:51:39,-0.2737,OPEN
,Off,01/20/2026 11:51:40,-0.2522,OPEN
,Off,01/20/2026 11:51:41,-0.2816,OPEN
,Off,01/20/2026 11:51:42,-0.2679,OPEN
,Off,01/20/2026 11:51:43,-0.2601,OPEN
,Off,01/20/2026 11:51:44,-0.2835,OPEN
,Off,01/20/2026 11:51:45,-0.2669,OPEN
,Off,01/20/2026 11:51:46,-0.2581,OPEN
,Off,01/20/2026 11:51:47,-0.2777,OPEN
,Off,01/20/2026 11:51:48,-0.2737,OPEN
,Off,01/20/2026 11:51:49,-0.2532,OPEN
,Off,01/20/2026 11:51:50,-0.2718,OPEN
,Off,01/20/2026 11:51:51,-0.2816,OPEN
,Off,01/20/2026 11:51:52,-0.263,OPEN
,Off,01/20/2026 11:51:53,-0.2601,OPEN
,Off,01/20/2026 11:51:54,-0.2757,OPEN
,Off,01/20/2026 11:51:55,-0.2777,OPEN
,Off,01/20/2026 11:51:56,-0.2552,OPEN
,Off,01/20/2026 11:51:57,-0.264,OPEN
,Off,01/20/2026 11:51:58,-0.2825,OPEN
,Off,01/20/2026 11:51:59,-0.2698,OPEN
,Off,01/20/2026 11:52:00,-0.2542,OPEN
